case_id,design_intent,intent_key,inputs_hash,ok_blocking,failed_blocking,failed_diagnostic,failed_ignored,R0_m,a_m,Bt_T,Ip_MA,fG,Ti_keV,H98,Q_DT_eqv,P_fus_MW,P_e_net_MW,q95,betaN,q_div_MW_m2,sigma_vm_MPa,B_peak_T,hts_margin,TBR,tightest_hard
PD|RESEARCH|ITER_INSPIRED,Research,research,82e03d5861510f28,True,,,,6.2,2.0,nan,15.0,0.85,10.0,4.599803641963039,11.677535052477529,686.1761856223652,83.84575744713459,2.0784313725490198,1.541717138377358,260.28992093759234,1214.5328046201473,13.270384615384616,0.8347997438400839,0.7584013113468798,q95:0.0392
PD|RESEARCH|JET_INSPIRED,Research,research,266b35343aa91b53,True,,,,2.96,1.0,nan,4.0,0.8,8.0,10.549140788204456,1.282271912473814,45.20542705391879,-84.59224557813378,2.536764705882353,3.5665845069913034,59.81967725601865,317.6858406466459,11.169375000000002,1.0448928107435351,0.7584013113468798,q95:0.268
PD|RESEARCH|DIII-D_INSPIRED,Research,research,e7f49977a1cb0d18,True,,,,1.67,0.67,nan,2.0,0.85,5.0,13.028001044808082,0.1674094096431567,3.933627027995897,-73.65855756094105,1.8513157894736845,5.807463278891255,41.398095973494975,359.68225402609653,36.82350000000009,0.15559027056899924,0.7584013113468798,q95:-0.0743
PD|REACTOR|SPARC_CLASS,Reactor,reactor,f6262c5eb3922f72,True,,,,1.85,0.57,nan,8.0,0.8,15.0,7.339310681926397,68.99949878611712,1621.7613344493077,477.6985039079631,2.414583333333333,3.317708301639344,2096.5350346787964,3464.5125746872664,55.112790697674406,0.06590768731755653,0.7584013113468798,q_div:-209;NWL:-4.9;P_SOL/R:-3.88;sigma_vm:-3.33;B_peak:-1.2
PD|REACTOR|ARC_CLASS,Reactor,reactor,87e9f23a548c50f9,True,,,,3.3,1.1,nan,12.0,0.85,18.0,6.623298233096478,80.18527421506496,2826.842716668718,863.5136045965627,2.219298245614035,2.906715711486166,1505.948679433622,2995.080533196525,35.42000000000001,0.16805335142242062,0.7584013113468798,q_div:-150;P_SOL/R:-3.72;sigma_vm:-2.74;NWL:-1.83;HTS margin:-0.86
