{
  "sparc_alpha_ash_on": {
    "B_peak_T": 67.61340941512125,
    "H98": 4.033188351366378,
    "P_SOL_MW": 114.22881092346765,
    "P_net_e_MW": NaN,
    "P_rad_MW": NaN,
    "betaN_proxy": 3.1333911737704914,
    "hts_margin": NaN,
    "q95_proxy": 2.2837438423645318,
    "sigma_hoop_MPa": 4250.329264238302
  },
  "sparc_baseline": {
    "B_peak_T": 67.61340941512125,
    "H98": 3.926028684635587,
    "P_SOL_MW": 124.59527645708924,
    "P_net_e_MW": NaN,
    "P_rad_MW": NaN,
    "betaN_proxy": 3.1333911737704914,
    "hts_margin": NaN,
    "q95_proxy": 2.2837438423645318,
    "sigma_hoop_MPa": 4250.329264238302
  },
  "sparc_coil_tight": {
    "B_peak_T": 67.61340941512125,
    "H98": 3.926028684635587,
    "P_SOL_MW": 124.59527645708924,
    "P_net_e_MW": NaN,
    "P_rad_MW": NaN,
    "betaN_proxy": 3.1333911737704914,
    "hts_margin": NaN,
    "q95_proxy": 2.2837438423645318,
    "sigma_hoop_MPa": 3541.941053531918
  },
  "sparc_current_drive": {
    "B_peak_T": 67.61340941512125,
    "H98": 3.926028684635587,
    "P_SOL_MW": 124.59527645708924,
    "P_net_e_MW": NaN,
    "P_rad_MW": NaN,
    "betaN_proxy": 3.1333911737704914,
    "hts_margin": NaN,
    "q95_proxy": 2.2837438423645318,
    "sigma_hoop_MPa": 4250.329264238302
  },
  "sparc_double_null": {
    "B_peak_T": 67.61340941512125,
    "H98": 3.926028684635587,
    "P_SOL_MW": 124.59527645708924,
    "P_net_e_MW": NaN,
    "P_rad_MW": NaN,
    "betaN_proxy": 3.1333911737704914,
    "hts_margin": NaN,
    "q95_proxy": 2.2837438423645318,
    "sigma_hoop_MPa": 4250.329264238302
  },
  "sparc_high_Q_target": {
    "B_peak_T": 67.61340941512125,
    "H98": 4.224349039132014,
    "P_SOL_MW": 197.5007660217252,
    "P_net_e_MW": NaN,
    "P_rad_MW": NaN,
    "betaN_proxy": 3.9812499619672135,
    "hts_margin": NaN,
    "q95_proxy": 2.2837438423645318,
    "sigma_hoop_MPa": 4250.329264238302
  },
  "sparc_high_field": {
    "B_peak_T": 74.81811697574894,
    "H98": 3.5526424918754977,
    "P_SOL_MW": 148.7060536431801,
    "P_net_e_MW": NaN,
    "P_rad_MW": NaN,
    "betaN_proxy": 2.831657208888889,
    "hts_margin": NaN,
    "q95_proxy": 2.314285714285714,
    "sigma_hoop_MPa": 5204.397395911251
  },
  "sparc_impurity_ar": {
    "B_peak_T": 67.61340941512125,
    "H98": 3.791532055708074,
    "P_SOL_MW": 139.423573938988,
    "P_net_e_MW": NaN,
    "P_rad_MW": NaN,
    "betaN_proxy": 3.1333911737704914,
    "hts_margin": NaN,
    "q95_proxy": 2.2837438423645318,
    "sigma_hoop_MPa": 4250.329264238302
  },
  "sparc_low_aux": {
    "B_peak_T": 67.61340941512125,
    "H98": 4.039617771663684,
    "P_SOL_MW": 101.25913762288874,
    "P_net_e_MW": NaN,
    "P_rad_MW": NaN,
    "betaN_proxy": 2.94907404590164,
    "hts_margin": NaN,
    "q95_proxy": 2.2837438423645318,
    "sigma_hoop_MPa": 4250.329264238302
  },
  "sparc_particle_balance_diag": {
    "B_peak_T": 67.61340941512125,
    "H98": 3.926028684635587,
    "P_SOL_MW": 124.59527645708924,
    "P_net_e_MW": NaN,
    "P_rad_MW": NaN,
    "betaN_proxy": 3.1333911737704914,
    "hts_margin": NaN,
    "q95_proxy": 2.2837438423645318,
    "sigma_hoop_MPa": 4250.329264238302
  },
  "sparc_pedestal_profile": {
    "B_peak_T": 67.61340941512125,
    "H98": 3.926028684635587,
    "P_SOL_MW": 124.59527645708924,
    "P_net_e_MW": NaN,
    "P_rad_MW": NaN,
    "betaN_proxy": 3.1333911737704914,
    "hts_margin": NaN,
    "q95_proxy": 2.2837438423645318,
    "sigma_hoop_MPa": 4250.329264238302
  },
  "sparc_pulsed_20s": {
    "B_peak_T": 67.61340941512125,
    "H98": 3.926028684635587,
    "P_SOL_MW": 124.59527645708924,
    "P_net_e_MW": NaN,
    "P_rad_MW": NaN,
    "betaN_proxy": 3.1333911737704914,
    "hts_margin": NaN,
    "q95_proxy": 2.2837438423645318,
    "sigma_hoop_MPa": 4250.329264238302
  },
  "sparc_radiation_mix_physics": {
    "B_peak_T": 67.61340941512125,
    "H98": 3.7915449305372335,
    "P_SOL_MW": 139.4220467311504,
    "P_net_e_MW": NaN,
    "P_rad_MW": NaN,
    "betaN_proxy": 3.1333911737704914,
    "hts_margin": NaN,
    "q95_proxy": 2.2837438423645318,
    "sigma_hoop_MPa": 4250.329264238302
  }
}