{
  "cases": {
    "sparc_alpha_ash_on": {
      "P_brem_MW": 33.188888280114575,
      "P_ie_MW": 0.0,
      "P_line_MW": NaN,
      "P_sync_MW": NaN,
      "Palpha_e_MW": 19.09576218469353,
      "Palpha_i_MW": 108.20931904659666,
      "S_fuel_required_1e22_per_s": NaN,
      "Zeff": NaN,
      "alpha_loss_frac_eff": 0.050462950615161796,
      "ash_factor": 0.9025,
      "f_He_ash": 0.05,
      "f_alpha_to_ion_eff": 0.85,
      "rho_star": 0.0023147530758089664,
      "tau_ei_s": 0.5237724507192135,
      "tau_p_s": NaN
    },
    "sparc_baseline": {
      "P_brem_MW": 33.188888280114575,
      "P_ie_MW": 0.0,
      "P_line_MW": NaN,
      "P_sync_MW": NaN,
      "Palpha_e_MW": 21.169055291417852,
      "Palpha_i_MW": 119.95797998470114,
      "S_fuel_required_1e22_per_s": NaN,
      "Zeff": NaN,
      "alpha_loss_frac_eff": 0.05,
      "ash_factor": 1.0,
      "f_He_ash": 0.0,
      "f_alpha_to_ion_eff": 0.85,
      "rho_star": 0.0023147530758089664,
      "tau_ei_s": 0.5237724507192135,
      "tau_p_s": NaN
    },
    "sparc_coil_tight": {
      "P_brem_MW": 33.188888280114575,
      "P_ie_MW": 0.0,
      "P_line_MW": NaN,
      "P_sync_MW": NaN,
      "Palpha_e_MW": 21.169055291417852,
      "Palpha_i_MW": 119.95797998470114,
      "S_fuel_required_1e22_per_s": NaN,
      "Zeff": NaN,
      "alpha_loss_frac_eff": 0.05,
      "ash_factor": 1.0,
      "f_He_ash": 0.0,
      "f_alpha_to_ion_eff": 0.85,
      "rho_star": 0.0023147530758089664,
      "tau_ei_s": 0.5237724507192135,
      "tau_p_s": NaN
    },
    "sparc_current_drive": {
      "P_brem_MW": 33.188888280114575,
      "P_ie_MW": 0.0,
      "P_line_MW": NaN,
      "P_sync_MW": NaN,
      "Palpha_e_MW": 21.169055291417852,
      "Palpha_i_MW": 119.95797998470114,
      "S_fuel_required_1e22_per_s": NaN,
      "Zeff": NaN,
      "alpha_loss_frac_eff": 0.05,
      "ash_factor": 1.0,
      "f_He_ash": 0.0,
      "f_alpha_to_ion_eff": 0.85,
      "rho_star": 0.0023147530758089664,
      "tau_ei_s": 0.5237724507192135,
      "tau_p_s": NaN
    },
    "sparc_double_null": {
      "P_brem_MW": 33.188888280114575,
      "P_ie_MW": 0.0,
      "P_line_MW": NaN,
      "P_sync_MW": NaN,
      "Palpha_e_MW": 21.169055291417852,
      "Palpha_i_MW": 119.95797998470114,
      "S_fuel_required_1e22_per_s": NaN,
      "Zeff": NaN,
      "alpha_loss_frac_eff": 0.05,
      "ash_factor": 1.0,
      "f_He_ash": 0.0,
      "f_alpha_to_ion_eff": 0.85,
      "rho_star": 0.0023147530758089664,
      "tau_ei_s": 0.5237724507192135,
      "tau_p_s": NaN
    },
    "sparc_high_Q_target": {
      "P_brem_MW": 40.75965465280401,
      "P_ie_MW": 0.0,
      "P_line_MW": NaN,
      "P_sync_MW": NaN,
      "Palpha_e_MW": 36.500153204345054,
      "Palpha_i_MW": 206.83420149128858,
      "S_fuel_required_1e22_per_s": NaN,
      "Zeff": NaN,
      "alpha_loss_frac_eff": 0.05,
      "ash_factor": 1.0,
      "f_He_ash": 0.0,
      "f_alpha_to_ion_eff": 0.85,
      "rho_star": 0.0025356849493500737,
      "tau_ei_s": 0.650265835519666,
      "tau_p_s": NaN
    },
    "sparc_high_field": {
      "P_brem_MW": 39.57322192205497,
      "P_ie_MW": 0.0,
      "P_line_MW": NaN,
      "P_sync_MW": NaN,
      "Palpha_e_MW": 25.241210728636023,
      "Palpha_i_MW": 143.03352746227077,
      "S_fuel_required_1e22_per_s": NaN,
      "Zeff": NaN,
      "alpha_loss_frac_eff": 0.05,
      "ash_factor": 1.0,
      "f_He_ash": 0.0,
      "f_alpha_to_ion_eff": 0.85,
      "rho_star": 0.0020918509277681034,
      "tau_ei_s": 0.4796652969744376,
      "tau_p_s": NaN
    },
    "sparc_impurity_ar": {
      "P_brem_MW": 33.188888280114575,
      "P_ie_MW": 0.0,
      "P_line_MW": NaN,
      "P_sync_MW": NaN,
      "Palpha_e_MW": 21.169055291417852,
      "Palpha_i_MW": 119.95797998470114,
      "S_fuel_required_1e22_per_s": NaN,
      "Zeff": NaN,
      "alpha_loss_frac_eff": 0.05,
      "ash_factor": 1.0,
      "f_He_ash": 0.0,
      "f_alpha_to_ion_eff": 0.85,
      "rho_star": 0.0023147530758089664,
      "tau_ei_s": 0.5237724507192135,
      "tau_p_s": NaN
    },
    "sparc_low_aux": {
      "P_brem_MW": 29.399153632212226,
      "P_ie_MW": 0.0,
      "P_line_MW": NaN,
      "P_sync_MW": NaN,
      "Palpha_e_MW": 18.751827524577752,
      "Palpha_i_MW": 106.26035597260726,
      "S_fuel_required_1e22_per_s": NaN,
      "Zeff": NaN,
      "alpha_loss_frac_eff": 0.05,
      "ash_factor": 1.0,
      "f_He_ash": 0.0,
      "f_alpha_to_ion_eff": 0.85,
      "rho_star": 0.0023147530758089664,
      "tau_ei_s": 0.5565082288891643,
      "tau_p_s": NaN
    },
    "sparc_particle_balance_diag": {
      "P_brem_MW": 33.188888280114575,
      "P_ie_MW": 0.0,
      "P_line_MW": NaN,
      "P_sync_MW": NaN,
      "Palpha_e_MW": 21.169055291417852,
      "Palpha_i_MW": 119.95797998470114,
      "S_fuel_required_1e22_per_s": 0.4320347492454833,
      "Zeff": NaN,
      "alpha_loss_frac_eff": 0.05,
      "ash_factor": 1.0,
      "f_He_ash": 0.0,
      "f_alpha_to_ion_eff": 0.85,
      "rho_star": 0.0023147530758089664,
      "tau_ei_s": 0.5237724507192135,
      "tau_p_s": 3.4818426804164666
    },
    "sparc_pedestal_profile": {
      "P_brem_MW": 33.188888280114575,
      "P_ie_MW": 0.0,
      "P_line_MW": NaN,
      "P_sync_MW": NaN,
      "Palpha_e_MW": 21.169055291417852,
      "Palpha_i_MW": 119.95797998470114,
      "S_fuel_required_1e22_per_s": NaN,
      "Zeff": NaN,
      "alpha_loss_frac_eff": 0.05,
      "ash_factor": 1.0,
      "f_He_ash": 0.0,
      "f_alpha_to_ion_eff": 0.85,
      "rho_star": 0.0023147530758089664,
      "tau_ei_s": 0.5237724507192135,
      "tau_p_s": NaN
    },
    "sparc_pulsed_20s": {
      "P_brem_MW": 33.188888280114575,
      "P_ie_MW": 0.0,
      "P_line_MW": NaN,
      "P_sync_MW": NaN,
      "Palpha_e_MW": 21.169055291417852,
      "Palpha_i_MW": 119.95797998470114,
      "S_fuel_required_1e22_per_s": NaN,
      "Zeff": NaN,
      "alpha_loss_frac_eff": 0.05,
      "ash_factor": 1.0,
      "f_He_ash": 0.0,
      "f_alpha_to_ion_eff": 0.85,
      "rho_star": 0.0023147530758089664,
      "tau_ei_s": 0.5237724507192135,
      "tau_p_s": NaN
    },
    "sparc_radiation_mix_physics": {
      "P_brem_MW": 33.188888280114575,
      "P_ie_MW": 0.0,
      "P_line_MW": NaN,
      "P_sync_MW": NaN,
      "Palpha_e_MW": 21.169055291417852,
      "Palpha_i_MW": 119.95797998470114,
      "S_fuel_required_1e22_per_s": NaN,
      "Zeff": NaN,
      "alpha_loss_frac_eff": 0.05,
      "ash_factor": 1.0,
      "f_He_ash": 0.0,
      "f_alpha_to_ion_eff": 0.85,
      "rho_star": 0.0023147530758089664,
      "tau_ei_s": 0.5237724507192135,
      "tau_p_s": NaN
    }
  },
  "created_unix": 1771156440.38325,
  "keys": [
    "alpha_loss_frac_eff",
    "rho_star",
    "ash_factor",
    "f_He_ash",
    "f_alpha_to_ion_eff",
    "Palpha_i_MW",
    "Palpha_e_MW",
    "P_ie_MW",
    "tau_ei_s",
    "Zeff",
    "P_line_MW",
    "P_brem_MW",
    "P_sync_MW",
    "S_fuel_required_1e22_per_s",
    "tau_p_s"
  ],
  "struct_enabled": false
}