{
  "refs": {
    "iter_like": {
      "out.P_fus_MW": 686.1761856223652,
      "out.Pnet_e_MW": 83.84575744713459,
      "out.Q_DT_eqv": 11.677535052477529,
      "out.q_div_MW_m2": 260.28992093759234,
      "out.Ip_MA": 15.0,
      "out.R0_m": 6.2,
      "plant.P_e_gross_MW": 233.8457574471346,
      "plant.P_recirc_MW": 162.53843180853508,
      "plant.P_e_net_MW": 71.30732563859951,
      "plant.Qe": 1.4387105550679682,
      "mag.sigma_vm_MPa": 1214.5328046201473,
      "mag.E_tf_MJ": 6496.443648226332,
      "cryo.P_cold_20K_MW": NaN,
      "cryo.P_cryo_e_MW": NaN,
      "cryo.cryo_COP": 0.02,
      "cost.CAPEX_BUSD": 9.064425108226386,
      "cost.OPEX_BUSD_per_y": 0.018331575566042896,
      "cost.LCOE_USD_per_MWh": 11286.601980482628,
      "cost.COE_USD_per_MWh": 12130.31148827708
    },
    "arc_like": {
      "out.P_fus_MW": 2826.842716668718,
      "out.Pnet_e_MW": 863.5136045965627,
      "out.Q_DT_eqv": 80.18527421506496,
      "out.q_div_MW_m2": 1505.948679433622,
      "out.Ip_MA": 12.0,
      "out.R0_m": 3.3,
      "plant.P_e_gross_MW": 963.5136045965627,
      "plant.P_recirc_MW": 167.26352034474218,
      "plant.P_e_net_MW": 796.2500842518205,
      "plant.Qe": 5.760452743136648,
      "mag.sigma_vm_MPa": 2995.080533196525,
      "mag.E_tf_MJ": 15142.423503900005,
      "cryo.P_cold_20K_MW": NaN,
      "cryo.P_cryo_e_MW": NaN,
      "cryo.cryo_COP": 0.02,
      "cost.CAPEX_BUSD": 21.354285156633075,
      "cost.OPEX_BUSD_per_y": 0.1061595681526959,
      "cost.LCOE_USD_per_MWh": Infinity,
      "cost.COE_USD_per_MWh": 2.2415880838160036e+18
    },
    "eu_demo_like": {
      "out.P_fus_MW": 786.168877497591,
      "out.Pnet_e_MW": 192.91368791655958,
      "out.Q_DT_eqv": 33.44757115393625,
      "out.q_div_MW_m2": 1344.236259313102,
      "out.Ip_MA": 6.3,
      "out.R0_m": 1.5,
      "plant.P_e_gross_MW": 267.9136879165596,
      "plant.P_recirc_MW": 90.09352659374197,
      "plant.P_e_net_MW": 177.82016132281763,
      "plant.Qe": 2.973728502433484,
      "mag.sigma_vm_MPa": 6662.312955686248,
      "mag.E_tf_MJ": 71658.06146850594,
      "cryo.P_cold_20K_MW": NaN,
      "cryo.P_cryo_e_MW": NaN,
      "cryo.cryo_COP": 0.02,
      "cost.CAPEX_BUSD": 97.22833048774149,
      "cost.OPEX_BUSD_per_y": 0.15609736615117714,
      "cost.LCOE_USD_per_MWh": Infinity,
      "cost.COE_USD_per_MWh": 9.878930414925326e+18
    }
  },
  "meta": {
    "iter_like": {
      "design_intent": "Research",
      "preset_key": "ITER-inspired (large LTS)",
      "constraints_summary": {
        "n": 22.0,
        "n_ok": 17.0,
        "max_violation": 25.028992093759236
      },
      "assumptions": {
        "plant": {
          "coolant": "Helium",
          "T_outlet_K": 900.0,
          "eta_elec": 0.4,
          "blanket_energy_mult": 1.0,
          "eta_aux_wallplug": 0.4,
          "eta_cd_wallplug": 0.35,
          "P_balance_of_plant_MW": 20.0,
          "P_pumps_MW": 17.53843180853509,
          "P_cryo_20K_MW": 0.0,
          "cryo_COP": 0.02
        },
        "cryo": {
          "note": "If P_cryo_20K_MW is not specified, uses coil_heat_MW as cold-load proxy.",
          "P_cryo_e_MW": "P_cold_20K_MW / cryo_COP"
        },
        "cost": {
          "note": "Proxy economics for relative comparisons. See docs/cost_calibration_default.json and src/economics/cost.py for details.",
          "model": "SHAMS economics proxy (PROCESS-like objective layer)"
        }
      }
    },
    "arc_like": {
      "design_intent": "Reactor",
      "preset_key": "ARC-class (reactor HTS)",
      "constraints_summary": {
        "n": 22.0,
        "n_ok": 15.0,
        "max_violation": 149.5948679433622
      },
      "assumptions": {
        "plant": {
          "coolant": "Helium",
          "T_outlet_K": 900.0,
          "eta_elec": 0.4,
          "blanket_energy_mult": 1.0,
          "eta_aux_wallplug": 0.4,
          "eta_cd_wallplug": 0.35,
          "P_balance_of_plant_MW": 20.0,
          "P_pumps_MW": 72.26352034474219,
          "P_cryo_20K_MW": 0.0,
          "cryo_COP": 0.02
        },
        "cryo": {
          "note": "If P_cryo_20K_MW is not specified, uses coil_heat_MW as cold-load proxy.",
          "P_cryo_e_MW": "P_cold_20K_MW / cryo_COP"
        },
        "cost": {
          "note": "Proxy economics for relative comparisons. See docs/cost_calibration_default.json and src/economics/cost.py for details.",
          "model": "SHAMS economics proxy (PROCESS-like objective layer)"
        }
      }
    },
    "eu_demo_like": {
      "design_intent": "Reactor",
      "preset_key": "HH170 (Energy Singularity, public slide values)",
      "constraints_summary": {
        "n": 22.0,
        "n_ok": 15.0,
        "max_violation": 133.4236259313102
      },
      "assumptions": {
        "plant": {
          "coolant": "Helium",
          "T_outlet_K": 900.0,
          "eta_elec": 0.4,
          "blanket_energy_mult": 1.0,
          "eta_aux_wallplug": 0.4,
          "eta_cd_wallplug": 0.35,
          "P_balance_of_plant_MW": 20.0,
          "P_pumps_MW": 20.093526593741966,
          "P_cryo_20K_MW": 0.0,
          "cryo_COP": 0.02
        },
        "cryo": {
          "note": "If P_cryo_20K_MW is not specified, uses coil_heat_MW as cold-load proxy.",
          "P_cryo_e_MW": "P_cold_20K_MW / cryo_COP"
        },
        "cost": {
          "note": "Proxy economics for relative comparisons. See docs/cost_calibration_default.json and src/economics/cost.py for details.",
          "model": "SHAMS economics proxy (PROCESS-like objective layer)"
        }
      }
    }
  }
}